-- phpMyAdmin SQL Dump
-- version 4.1.4
-- http://www.phpmyadmin.net
--
-- Host: 127.0.0.1
-- Generation Time: Jul 28, 2014 at 09:27 PM
-- Server version: 5.6.15-log
-- PHP Version: 5.5.8

SET FOREIGN_KEY_CHECKS=0;
SET SQL_MODE = "NO_AUTO_VALUE_ON_ZERO";
SET time_zone = "+00:00";


/*!40101 SET @OLD_CHARACTER_SET_CLIENT=@@CHARACTER_SET_CLIENT */;
/*!40101 SET @OLD_CHARACTER_SET_RESULTS=@@CHARACTER_SET_RESULTS */;
/*!40101 SET @OLD_COLLATION_CONNECTION=@@COLLATION_CONNECTION */;
/*!40101 SET NAMES utf8 */;

--
-- Database: `soluche`
--
CREATE DATABASE IF NOT EXISTS `soluche` DEFAULT CHARACTER SET utf8 COLLATE utf8_general_ci;
USE `soluche`;

-- --------------------------------------------------------

--
-- Table structure for table `congress`
--

DROP TABLE IF EXISTS `congress`;
CREATE TABLE IF NOT EXISTS `congress` (
  `id` int(11) NOT NULL AUTO_INCREMENT,
  `nom` varchar(128) NOT NULL,
  `action_number` int(11) NOT NULL,
  PRIMARY KEY (`id`)
) ENGINE=InnoDB  DEFAULT CHARSET=utf8 AUTO_INCREMENT=4 ;

--
-- Dumping data for table `congress`
--

INSERT INTO `congress` (`id`, `nom`, `action_number`) VALUES
(1, 'Week-end luche', 30),
(2, 'Anniversaire', 20),
(3, 'con-graisse', 3);

-- --------------------------------------------------------

--
-- Table structure for table `inventory`
--

DROP TABLE IF EXISTS `inventory`;
CREATE TABLE IF NOT EXISTS `inventory` (
  `id` int(11) NOT NULL AUTO_INCREMENT,
  `id_player` int(11) DEFAULT NULL COMMENT 'Player',
  `id_item` int(11) DEFAULT NULL COMMENT 'Item',
  PRIMARY KEY (`id`),
  KEY `id_player` (`id_player`),
  KEY `id_item` (`id_item`)
) ENGINE=InnoDB  DEFAULT CHARSET=utf8 AUTO_INCREMENT=512 ;

--
-- Dumping data for table `inventory`
--

INSERT INTO `inventory` (`id`, `id_player`, `id_item`) VALUES
(18, -1, 7),
(19, -1, 8),
(20, -1, 9),
(21, -1, 10),
(22, -2, 11),
(23, -2, 12),
(35, 1, 11),
(36, 1, 5),
(37, 1, 6),
(210, 1, 11),
(211, 1, 13),
(212, 1, 13),
(213, 1, 4),
(214, 1, 8),
(215, 1, 11),
(216, 1, 354),
(217, 1, 355),
(218, 1, 356),
(219, 1, 357),
(220, 1, 358),
(221, 1, 359),
(222, 1, 360),
(223, 1, 361),
(224, 1, 362),
(225, 1, 363),
(226, 1, 364),
(227, 1, 365),
(228, 1, 366),
(229, 1, 367),
(230, 1, 368),
(231, 1, 369),
(232, 1, 370),
(233, 1, 371),
(234, 1, 372),
(235, 1, 373),
(236, 1, 374),
(237, 1, 375),
(238, 1, 376),
(239, 1, 377),
(240, 1, 378),
(241, 1, 379),
(242, 1, 380),
(243, 1, 381),
(244, 1, 382),
(245, 1, 383),
(246, 1, 384),
(247, 1, 385),
(248, 1, 386),
(249, 1, 387),
(250, 1, 388),
(251, 1, 389),
(252, 1, 390),
(253, 1, 391),
(254, 1, 392),
(255, 1, 393),
(256, 1, 394),
(257, 1, 395),
(258, 1, 396),
(259, 1, 397),
(260, 1, 398),
(261, 1, 399),
(262, 1, 400),
(263, 1, 401),
(264, 1, 402),
(265, 1, 403),
(266, 1, 404),
(267, 1, 405),
(268, 1, 406),
(269, 1, 407),
(270, 1, 408),
(271, 1, 409),
(272, 1, 410),
(273, 1, 411),
(274, 1, 412),
(275, 1, 413),
(276, 1, 414),
(277, 1, 415),
(278, 1, 416),
(279, 1, 417),
(280, 1, 418),
(281, 1, 419),
(282, 1, 420),
(283, 1, 421),
(284, 1, 422),
(285, 1, 423),
(286, 1, 424),
(287, 1, 425),
(288, 1, 426),
(289, 1, 427),
(290, 1, 428),
(291, 1, 429),
(292, 1, 430),
(293, 1, 431),
(294, 1, 432),
(295, 1, 433),
(296, 1, 434),
(297, 1, 435),
(298, 1, 436),
(299, 1, 437),
(300, 1, 438),
(301, 1, 439),
(302, 1, 440),
(303, 1, 441),
(304, 1, 442),
(305, 1, 443),
(306, 1, 444),
(307, 1, 445),
(308, 1, 446),
(309, 1, 447),
(310, 1, 448),
(311, 1, 449),
(312, 1, 450),
(313, 1, 451),
(314, 1, 452),
(315, 1, 453),
(316, 1, 454),
(317, 1, 455),
(318, 1, 456),
(319, 1, 457),
(320, 1, 458),
(321, 1, 459),
(322, 1, 460),
(323, 1, 461),
(324, 1, 462),
(325, 1, 463),
(326, 1, 464),
(327, 1, 465),
(328, 1, 466),
(329, 1, 467),
(330, 1, 468),
(331, 1, 469),
(332, 1, 470),
(333, 1, 471),
(334, 1, 472),
(335, 1, 473),
(336, 1, 474),
(337, 1, 475),
(338, 1, 476),
(339, 1, 477),
(340, 1, 478),
(341, 1, 479),
(342, 1, 480),
(343, 1, 481),
(344, 1, 482),
(345, 1, 483),
(346, 1, 484),
(347, 1, 485),
(348, 1, 486),
(349, 1, 487),
(350, 1, 488),
(351, 1, 489),
(352, 1, 490),
(353, 1, 491),
(354, 1, 492),
(355, 1, 493),
(356, 1, 494),
(357, 1, 495),
(358, 1, 496),
(359, 1, 497),
(360, 1, 498),
(361, 1, 499),
(362, 1, 500),
(363, 1, 501),
(364, 1, 502),
(365, 1, 503),
(366, 1, 504),
(367, 1, 505),
(368, 1, 506),
(369, 1, 507),
(370, 1, 508),
(371, 1, 509),
(372, 1, 510),
(373, 1, 511),
(374, 1, 512),
(375, 1, 513),
(376, 1, 514),
(377, 1, 515),
(378, 1, 516),
(379, 1, 517),
(380, 1, 518),
(381, 1, 519),
(382, 1, 520),
(383, 1, 521),
(384, 1, 522),
(385, 1, 523),
(410, 1, 4),
(411, 1, 8),
(412, 1, 11),
(413, 1, 13),
(414, 1, 13),
(415, 1, 13),
(416, 1, 4),
(417, 1, 8),
(418, 1, 11),
(419, 1, 13),
(420, 1, 13),
(421, 1, 13),
(422, 127, 12),
(423, 127, 13),
(424, 127, 13),
(425, 127, 4),
(426, 127, 8),
(427, 127, 11),
(428, 127, 13),
(429, 127, 13),
(430, 127, 13),
(431, 1, 4),
(432, 1, 8),
(433, 1, 11),
(434, 1, 13),
(435, 1, 13),
(436, 1, 13),
(437, 1, 4),
(438, 1, 8),
(439, 1, 11),
(440, 1, 13),
(441, 1, 13),
(442, 1, 13),
(443, 1, 4),
(444, 1, 8),
(445, 1, 11),
(446, 1, 13),
(447, 1, 13),
(448, 1, 13),
(449, 1, 4),
(450, 1, 8),
(451, 1, 11),
(452, 1, 13),
(453, 1, 13),
(454, 1, 13),
(455, 1, 4),
(456, 1, 8),
(457, 1, 11),
(458, 1, 13),
(459, 1, 13),
(460, 1, 13),
(461, 1, 4),
(462, 1, 8),
(463, 1, 11),
(464, 1, 13),
(465, 1, 13),
(466, 1, 13),
(467, 1, 4),
(468, 1, 8),
(469, 1, 11),
(470, 1, 13),
(471, 1, 13),
(472, 1, 13),
(473, 1, 4),
(474, 1, 8),
(475, 1, 11),
(476, 1, 13),
(477, 1, 13),
(478, 1, 13),
(479, 1, 4),
(480, 1, 8),
(481, 1, 11),
(482, 1, 13),
(483, 1, 13),
(484, 1, 13),
(485, 1, 4),
(486, 1, 8),
(487, 1, 11),
(488, 1, 13),
(489, 1, 13),
(490, 1, 13),
(491, 128, 12),
(492, 128, 13),
(493, 128, 13),
(494, 129, 12),
(495, 129, 13),
(496, 129, 13),
(506, 1, 4),
(507, 1, 8),
(508, 1, 11),
(509, 1, 13),
(510, 1, 13),
(511, 1, 13);

-- --------------------------------------------------------

--
-- Table structure for table `item`
--

DROP TABLE IF EXISTS `item`;
CREATE TABLE IF NOT EXISTS `item` (
  `id` int(11) NOT NULL AUTO_INCREMENT,
  `nom` varchar(128) NOT NULL,
  `permanent` int(11) NOT NULL DEFAULT '0',
  `notoriete` int(11) NOT NULL DEFAULT '0',
  `alcoolemie` int(11) NOT NULL DEFAULT '0',
  `alcoolemie_optimum` int(11) NOT NULL DEFAULT '0',
  `alcoolemie_max` int(11) NOT NULL DEFAULT '0',
  `fatigue` int(11) NOT NULL DEFAULT '0',
  `fatigue_max` int(11) NOT NULL DEFAULT '0',
  `sex_appeal` int(11) NOT NULL DEFAULT '0',
  `image` varchar(1024) DEFAULT NULL,
  `item_type` varchar(128) NOT NULL,
  PRIMARY KEY (`id`)
) ENGINE=InnoDB  DEFAULT CHARSET=utf8 AUTO_INCREMENT=524 ;

--
-- Dumping data for table `item`
--

INSERT INTO `item` (`id`, `nom`, `permanent`, `notoriete`, `alcoolemie`, `alcoolemie_optimum`, `alcoolemie_max`, `fatigue`, `fatigue_max`, `sex_appeal`, `image`, `item_type`) VALUES
(1, 'poule', 1, 1, 0, 0, 0, 0, -1, 3, 'images/items/poule.png', 'badge'),
(2, 'pachi', 1, 1, 0, 0, 0, 0, 0, -1, 'images/items/pachi.png', 'badge'),
(3, 'bacchus', 1, 1, 0, 2, 2, 0, 0, 0, 'images/items/bacchus.png', 'badge'),
(4, 'Redbull', 0, 0, 0, 0, 0, -2, 0, 0, 'images/items/redbull.png', 'drink'),
(5, 'test+1 all', 0, 1, 1, 1, 1, 1, 1, 1, 'images/items/pouce-haut.png', 'test'),
(6, 'test-1 all', 0, -1, -1, -1, -1, -1, -1, -1, 'images/items/pouce-bas.png', 'test'),
(7, 'Café', 0, 0, 0, 0, 0, -2, 0, 0, 'images/items/cafe.png', 'drink'),
(8, 'Sandwish', 0, 0, 0, 0, 0, -3, 0, 0, 'images/items/sandwich.png', 'food'),
(9, 'vomi', 0, -8, 0, 0, 0, -1, 0, 0, 'images/items/vomi.png', 'food'),
(10, 'Poulet', 0, 0, 0, 0, 0, -3, 0, 0, 'images/items/poulet.png', 'food'),
(11, 'treuse', 0, 0, 2, 0, 0, 0, 0, 0, 'images/items/treuse.png', 'alcohol'),
(12, 'biere', 0, 0, 1, 0, 0, 0, 0, 0, 'images/items/biere.png', 'alcohol'),
(13, 'pin''s', 1, 0, 0, 0, 0, 0, 0, 0, 'images/items/pins.png', 'pins'),
(353, '2 sexes.jpg', 1, 0, 0, 0, 0, 0, 0, 0, 'images/badges/2 sexes.jpg', 'test'),
(354, '2 sexes.jpg', 1, 0, 0, 0, 0, 0, 0, 0, 'images/badges/2 sexes.jpg', 'test'),
(355, '69.jpg', 1, 0, 0, 0, 0, 0, 0, 0, 'images/badges/69.jpg', 'test'),
(356, 'abeille.jpg', 1, 0, 0, 0, 0, 0, 0, 0, 'images/badges/abeille.jpg', 'test'),
(357, 'aigle germain.jpg', 1, 0, 0, 0, 0, 0, 0, 0, 'images/badges/aigle germain.jpg', 'test'),
(358, 'alambic.jpg', 1, 0, 0, 0, 0, 0, 0, 0, 'images/badges/alambic.jpg', 'test'),
(359, 'alette vernie.jpg', 1, 0, 0, 0, 0, 0, 0, 0, 'images/badges/alette vernie.jpg', 'test'),
(360, 'ancre.jpg', 1, 0, 0, 0, 0, 0, 0, 0, 'images/badges/ancre.jpg', 'test'),
(361, 'ane.jpg', 1, 0, 0, 0, 0, 0, 0, 0, 'images/badges/ane.jpg', 'test'),
(362, 'anneaux olympiques.jpg', 1, 0, 0, 0, 0, 0, 0, 0, 'images/badges/anneaux olympiques.jpg', 'test'),
(363, 'bacchus.jpg', 1, 0, 0, 0, 0, 0, 0, 0, 'images/badges/bacchus.jpg', 'test'),
(364, 'balance romaine.jpg', 1, 0, 0, 0, 0, 0, 0, 0, 'images/badges/balance romaine.jpg', 'test'),
(365, 'ballon de foot.jpg', 1, 0, 0, 0, 0, 0, 0, 0, 'images/badges/ballon de foot.jpg', 'test'),
(366, 'beta.jpg', 1, 0, 0, 0, 0, 0, 0, 0, 'images/badges/beta.jpg', 'test'),
(367, 'betterave.jpg', 1, 0, 0, 0, 0, 0, 0, 0, 'images/badges/betterave.jpg', 'test'),
(368, 'bobine et eclairs.jpg', 1, 0, 0, 0, 0, 0, 0, 0, 'images/badges/bobine et eclairs.jpg', 'test'),
(369, 'bobine.jpg', 1, 0, 0, 0, 0, 0, 0, 0, 'images/badges/bobine.jpg', 'test'),
(370, 'boulon argente.jpg', 1, 0, 0, 0, 0, 0, 0, 0, 'images/badges/boulon argente.jpg', 'test'),
(371, 'bourse.jpg', 1, 0, 0, 0, 0, 0, 0, 0, 'images/badges/bourse.jpg', 'test'),
(372, 'bouteille de champagne.jpg', 1, 0, 0, 0, 0, 0, 0, 0, 'images/badges/bouteille de champagne.jpg', 'test'),
(373, 'caducee medecine 2.jpg', 1, 0, 0, 0, 0, 0, 0, 0, 'images/badges/caducee medecine 2.jpg', 'test'),
(374, 'caducee medecine.jpg', 1, 0, 0, 0, 0, 0, 0, 0, 'images/badges/caducee medecine.jpg', 'test'),
(375, 'caducee mercure.jpg', 1, 0, 0, 0, 0, 0, 0, 0, 'images/badges/caducee mercure.jpg', 'test'),
(376, 'caducee pharmacie.jpg', 1, 0, 0, 0, 0, 0, 0, 0, 'images/badges/caducee pharmacie.jpg', 'test'),
(377, 'caducee psychologie belge.jpg', 1, 0, 0, 0, 0, 0, 0, 0, 'images/badges/caducee psychologie belge.jpg', 'test'),
(378, 'caducee psychologie.jpg', 1, 0, 0, 0, 0, 0, 0, 0, 'images/badges/caducee psychologie.jpg', 'test'),
(379, 'caducee veterinaire.jpg', 1, 0, 0, 0, 0, 0, 0, 0, 'images/badges/caducee veterinaire.jpg', 'test'),
(380, 'calice.jpg', 1, 0, 0, 0, 0, 0, 0, 0, 'images/badges/calice.jpg', 'test'),
(381, 'carotte.jpg', 1, 0, 0, 0, 0, 0, 0, 0, 'images/badges/carotte.jpg', 'test'),
(382, 'cartes a jouer.jpg', 1, 0, 0, 0, 0, 0, 0, 0, 'images/badges/cartes a jouer.jpg', 'test'),
(383, 'cerf.jpg', 1, 0, 0, 0, 0, 0, 0, 0, 'images/badges/cerf.jpg', 'test'),
(384, 'chameau a 2 bosses.jpg', 1, 0, 0, 0, 0, 0, 0, 0, 'images/badges/chameau a 2 bosses.jpg', 'test'),
(385, 'chameau.jpg', 1, 0, 0, 0, 0, 0, 0, 0, 'images/badges/chameau.jpg', 'test'),
(386, 'chardon lorrain.jpg', 1, 0, 0, 0, 0, 0, 0, 0, 'images/badges/chardon lorrain.jpg', 'test'),
(387, 'chauve souris.jpg', 1, 0, 0, 0, 0, 0, 0, 0, 'images/badges/chauve souris.jpg', 'test'),
(388, 'chope.jpg', 1, 0, 0, 0, 0, 0, 0, 0, 'images/badges/chope.jpg', 'test'),
(389, 'chou fleur.jpg', 1, 0, 0, 0, 0, 0, 0, 0, 'images/badges/chou fleur.jpg', 'test'),
(390, 'chouette a deux faces.jpg', 1, 0, 0, 0, 0, 0, 0, 0, 'images/badges/chouette a deux faces.jpg', 'test'),
(391, 'chouette.jpg', 1, 0, 0, 0, 0, 0, 0, 0, 'images/badges/chouette.jpg', 'test'),
(392, 'cigogne.jpg', 1, 0, 0, 0, 0, 0, 0, 0, 'images/badges/cigogne.jpg', 'test'),
(393, 'ciseaux.jpg', 1, 0, 0, 0, 0, 0, 0, 0, 'images/badges/ciseaux.jpg', 'test'),
(394, 'cle de sol.jpg', 1, 0, 0, 0, 0, 0, 0, 0, 'images/badges/cle de sol.jpg', 'test'),
(395, 'cle.jpg', 1, 0, 0, 0, 0, 0, 0, 0, 'images/badges/cle.jpg', 'test'),
(396, 'cochon.jpg', 1, 0, 0, 0, 0, 0, 0, 0, 'images/badges/cochon.jpg', 'test'),
(397, 'cocotte en papier.jpg', 1, 0, 0, 0, 0, 0, 0, 0, 'images/badges/cocotte en papier.jpg', 'test'),
(398, 'coq wallon.jpg', 1, 0, 0, 0, 0, 0, 0, 0, 'images/badges/coq wallon.jpg', 'test'),
(399, 'coq.jpg', 1, 0, 0, 0, 0, 0, 0, 0, 'images/badges/coq.jpg', 'test'),
(400, 'cor de chasse.jpg', 1, 0, 0, 0, 0, 0, 0, 0, 'images/badges/cor de chasse.jpg', 'test'),
(401, 'cornue et ballon.jpg', 1, 0, 0, 0, 0, 0, 0, 0, 'images/badges/cornue et ballon.jpg', 'test'),
(402, 'couronne argentee.jpg', 1, 0, 0, 0, 0, 0, 0, 0, 'images/badges/couronne argentee.jpg', 'test'),
(403, 'couronne doree.jpg', 1, 0, 0, 0, 0, 0, 0, 0, 'images/badges/couronne doree.jpg', 'test'),
(404, 'crabe.jpg', 1, 0, 0, 0, 0, 0, 0, 0, 'images/badges/crabe.jpg', 'test'),
(405, 'croissant de lune.jpg', 1, 0, 0, 0, 0, 0, 0, 0, 'images/badges/croissant de lune.jpg', 'test'),
(406, 'croix de grand chambellan.jpg', 1, 0, 0, 0, 0, 0, 0, 0, 'images/badges/croix de grand chambellan.jpg', 'test'),
(407, 'croix de grand maitre.jpg', 1, 0, 0, 0, 0, 0, 0, 0, 'images/badges/croix de grand maitre.jpg', 'test'),
(408, 'croix egyptienne.jpg', 1, 0, 0, 0, 0, 0, 0, 0, 'images/badges/croix egyptienne.jpg', 'test'),
(409, 'de a jouer.jpg', 1, 0, 0, 0, 0, 0, 0, 0, 'images/badges/de a jouer.jpg', 'test'),
(410, 'ecureuil.jpg', 1, 0, 0, 0, 0, 0, 0, 0, 'images/badges/ecureuil.jpg', 'test'),
(411, 'epee.jpg', 1, 0, 0, 0, 0, 0, 0, 0, 'images/badges/epee.jpg', 'test'),
(412, 'epi de ble.jpg', 1, 0, 0, 0, 0, 0, 0, 0, 'images/badges/epi de ble.jpg', 'test'),
(413, 'epi et faucille.jpg', 1, 0, 0, 0, 0, 0, 0, 0, 'images/badges/epi et faucille.jpg', 'test'),
(414, 'epsilon.jpg', 1, 0, 0, 0, 0, 0, 0, 0, 'images/badges/epsilon.jpg', 'test'),
(415, 'equerre et compas.jpg', 1, 0, 0, 0, 0, 0, 0, 0, 'images/badges/equerre et compas.jpg', 'test'),
(416, 'escargot.jpg', 1, 0, 0, 0, 0, 0, 0, 0, 'images/badges/escargot.jpg', 'test'),
(417, 'etoile argent grande.jpg', 1, 0, 0, 0, 0, 0, 0, 0, 'images/badges/etoile argent grande.jpg', 'test'),
(418, 'etoile argent petite.jpg', 1, 0, 0, 0, 0, 0, 0, 0, 'images/badges/etoile argent petite.jpg', 'test'),
(419, 'etoile argentee belge.jpg', 1, 0, 0, 0, 0, 0, 0, 0, 'images/badges/etoile argentee belge.jpg', 'test'),
(420, 'etoile argentee2.jpg', 1, 0, 0, 0, 0, 0, 0, 0, 'images/badges/etoile argentee2.jpg', 'test'),
(421, 'etoile doree belge.jpg', 1, 0, 0, 0, 0, 0, 0, 0, 'images/badges/etoile doree belge.jpg', 'test'),
(422, 'etoile et foudre.jpg', 1, 0, 0, 0, 0, 0, 0, 0, 'images/badges/etoile et foudre.jpg', 'test'),
(423, 'etoile or grande.jpg', 1, 0, 0, 0, 0, 0, 0, 0, 'images/badges/etoile or grande.jpg', 'test'),
(424, 'etoile or petite.jpg', 1, 0, 0, 0, 0, 0, 0, 0, 'images/badges/etoile or petite.jpg', 'test'),
(425, 'faux.jpg', 1, 0, 0, 0, 0, 0, 0, 0, 'images/badges/faux.jpg', 'test'),
(426, 'fer a cheval.jpg', 1, 0, 0, 0, 0, 0, 0, 0, 'images/badges/fer a cheval.jpg', 'test'),
(427, 'feuille de vigne.jpg', 1, 0, 0, 0, 0, 0, 0, 0, 'images/badges/feuille de vigne.jpg', 'test'),
(428, 'flambeaux entrecroises.jpg', 1, 0, 0, 0, 0, 0, 0, 0, 'images/badges/flambeaux entrecroises.jpg', 'test'),
(429, 'fleche.jpg', 1, 0, 0, 0, 0, 0, 0, 0, 'images/badges/fleche.jpg', 'test'),
(430, 'fleur de lys.jpg', 1, 0, 0, 0, 0, 0, 0, 0, 'images/badges/fleur de lys.jpg', 'test'),
(431, 'flying foufoune.jpg', 1, 0, 0, 0, 0, 0, 0, 0, 'images/badges/flying foufoune.jpg', 'test'),
(432, 'flying penis.jpg', 1, 0, 0, 0, 0, 0, 0, 0, 'images/badges/flying penis.jpg', 'test'),
(433, 'fourchette & epi de ble.jpg', 1, 0, 0, 0, 0, 0, 0, 0, 'images/badges/fourchette & epi de ble.jpg', 'test'),
(434, 'fourchette.jpg', 1, 0, 0, 0, 0, 0, 0, 0, 'images/badges/fourchette.jpg', 'test'),
(435, 'fourchettes croisees.jpg', 1, 0, 0, 0, 0, 0, 0, 0, 'images/badges/fourchettes croisees.jpg', 'test'),
(436, 'gazelles.jpg', 1, 0, 0, 0, 0, 0, 0, 0, 'images/badges/gazelles.jpg', 'test'),
(437, 'girafe.jpg', 1, 0, 0, 0, 0, 0, 0, 0, 'images/badges/girafe.jpg', 'test'),
(438, 'globe.jpg', 1, 0, 0, 0, 0, 0, 0, 0, 'images/badges/globe.jpg', 'test'),
(439, 'grappe de raisin.jpg', 1, 0, 0, 0, 0, 0, 0, 0, 'images/badges/grappe de raisin.jpg', 'test'),
(440, 'grenouille argent.jpg', 1, 0, 0, 0, 0, 0, 0, 0, 'images/badges/grenouille argent.jpg', 'test'),
(441, 'grenouille or.jpg', 1, 0, 0, 0, 0, 0, 0, 0, 'images/badges/grenouille or.jpg', 'test'),
(442, 'grenouille.jpg', 1, 0, 0, 0, 0, 0, 0, 0, 'images/badges/grenouille.jpg', 'test'),
(443, 'hache.jpg', 1, 0, 0, 0, 0, 0, 0, 0, 'images/badges/hache.jpg', 'test'),
(444, 'hermine.jpg', 1, 0, 0, 0, 0, 0, 0, 0, 'images/badges/hermine.jpg', 'test'),
(445, 'homard.jpg', 1, 0, 0, 0, 0, 0, 0, 0, 'images/badges/homard.jpg', 'test'),
(446, 'hure.jpg', 1, 0, 0, 0, 0, 0, 0, 0, 'images/badges/hure.jpg', 'test'),
(447, 'kangourou.jpg', 1, 0, 0, 0, 0, 0, 0, 0, 'images/badges/kangourou.jpg', 'test'),
(448, 'koala.jpg', 1, 0, 0, 0, 0, 0, 0, 0, 'images/badges/koala.jpg', 'test'),
(449, 'lime.jpg', 1, 0, 0, 0, 0, 0, 0, 0, 'images/badges/lime.jpg', 'test'),
(450, 'lion dresse.jpg', 1, 0, 0, 0, 0, 0, 0, 0, 'images/badges/lion dresse.jpg', 'test'),
(451, 'livre ouvert et plume.jpg', 1, 0, 0, 0, 0, 0, 0, 0, 'images/badges/livre ouvert et plume.jpg', 'test'),
(452, 'locomotive.jpg', 1, 0, 0, 0, 0, 0, 0, 0, 'images/badges/locomotive.jpg', 'test'),
(453, 'lyre.jpg', 1, 0, 0, 0, 0, 0, 0, 0, 'images/badges/lyre.jpg', 'test'),
(454, 'mammouth.jpg', 1, 0, 0, 0, 0, 0, 0, 0, 'images/badges/mammouth.jpg', 'test'),
(455, 'marteau et maillet.jpg', 1, 0, 0, 0, 0, 0, 0, 0, 'images/badges/marteau et maillet.jpg', 'test'),
(456, 'molaire.jpg', 1, 0, 0, 0, 0, 0, 0, 0, 'images/badges/molaire.jpg', 'test'),
(457, 'nounours.jpg', 1, 0, 0, 0, 0, 0, 0, 0, 'images/badges/nounours.jpg', 'test'),
(458, 'orchidee.jpg', 1, 0, 0, 0, 0, 0, 0, 0, 'images/badges/orchidee.jpg', 'test'),
(459, 'ouvert et plume.jpg', 1, 0, 0, 0, 0, 0, 0, 0, 'images/badges/ouvert et plume.jpg', 'test'),
(460, 'pachyderme.jpg', 1, 0, 0, 0, 0, 0, 0, 0, 'images/badges/pachyderme.jpg', 'test'),
(461, 'paire de ski.jpg', 1, 0, 0, 0, 0, 0, 0, 0, 'images/badges/paire de ski.jpg', 'test'),
(462, 'palette et pinceau.jpg', 1, 0, 0, 0, 0, 0, 0, 0, 'images/badges/palette et pinceau.jpg', 'test'),
(463, 'palme double.jpg', 1, 0, 0, 0, 0, 0, 0, 0, 'images/badges/palme double.jpg', 'test'),
(464, 'palme simple grande.jpg', 1, 0, 0, 0, 0, 0, 0, 0, 'images/badges/palme simple grande.jpg', 'test'),
(465, 'palmes croisees.jpg', 1, 0, 0, 0, 0, 0, 0, 0, 'images/badges/palmes croisees.jpg', 'test'),
(466, 'palmier.jpg', 1, 0, 0, 0, 0, 0, 0, 0, 'images/badges/palmier.jpg', 'test'),
(467, 'papillon.jpg', 1, 0, 0, 0, 0, 0, 0, 0, 'images/badges/papillon.jpg', 'test'),
(468, 'parapluie ferme.jpg', 1, 0, 0, 0, 0, 0, 0, 0, 'images/badges/parapluie ferme.jpg', 'test'),
(469, 'parapluie ouvert.jpg', 1, 0, 0, 0, 0, 0, 0, 0, 'images/badges/parapluie ouvert.jpg', 'test'),
(470, 'pendu.jpg', 1, 0, 0, 0, 0, 0, 0, 0, 'images/badges/pendu.jpg', 'test'),
(471, 'pericles.jpg', 1, 0, 0, 0, 0, 0, 0, 0, 'images/badges/pericles.jpg', 'test'),
(472, 'perron liegeois.jpg', 1, 0, 0, 0, 0, 0, 0, 0, 'images/badges/perron liegeois.jpg', 'test'),
(473, 'perroquet sur perchoir.jpg', 1, 0, 0, 0, 0, 0, 0, 0, 'images/badges/perroquet sur perchoir.jpg', 'test'),
(474, 'phi.jpg', 1, 0, 0, 0, 0, 0, 0, 0, 'images/badges/phi.jpg', 'test'),
(475, 'plume.jpg', 1, 0, 0, 0, 0, 0, 0, 0, 'images/badges/plume.jpg', 'test'),
(476, 'poireau.jpg', 1, 0, 0, 0, 0, 0, 0, 0, 'images/badges/poireau.jpg', 'test'),
(477, 'polytechnique argente.jpg', 1, 0, 0, 0, 0, 0, 0, 0, 'images/badges/polytechnique argente.jpg', 'test'),
(478, 'polytechnique dore.jpg', 1, 0, 0, 0, 0, 0, 0, 0, 'images/badges/polytechnique dore.jpg', 'test'),
(479, 'potager navet.jpg', 1, 0, 0, 0, 0, 0, 0, 0, 'images/badges/potager navet.jpg', 'test'),
(480, 'poule.jpg', 1, 0, 0, 0, 0, 0, 0, 0, 'images/badges/poule.jpg', 'test'),
(481, 'president.jpg', 1, 0, 0, 0, 0, 0, 0, 0, 'images/badges/president.jpg', 'test'),
(482, 'psi.jpg', 1, 0, 0, 0, 0, 0, 0, 0, 'images/badges/psi.jpg', 'test'),
(483, 'raquette de tennis.jpg', 1, 0, 0, 0, 0, 0, 0, 0, 'images/badges/raquette de tennis.jpg', 'test'),
(484, 'rose.jpg', 1, 0, 0, 0, 0, 0, 0, 0, 'images/badges/rose.jpg', 'test'),
(485, 'sabot.jpg', 1, 0, 0, 0, 0, 0, 0, 0, 'images/badges/sabot.jpg', 'test'),
(486, 'sanglier.jpg', 1, 0, 0, 0, 0, 0, 0, 0, 'images/badges/sanglier.jpg', 'test'),
(487, 'secretaire.jpg', 1, 0, 0, 0, 0, 0, 0, 0, 'images/badges/secretaire.jpg', 'test'),
(488, 'singe du grand garde.jpg', 1, 0, 0, 0, 0, 0, 0, 0, 'images/badges/singe du grand garde.jpg', 'test'),
(489, 'singe.jpg', 1, 0, 0, 0, 0, 0, 0, 0, 'images/badges/singe.jpg', 'test'),
(490, 'soleil.jpg', 1, 0, 0, 0, 0, 0, 0, 0, 'images/badges/soleil.jpg', 'test'),
(491, 'solvay.jpg', 1, 0, 0, 0, 0, 0, 0, 0, 'images/badges/solvay.jpg', 'test'),
(492, 'sou troue.jpg', 1, 0, 0, 0, 0, 0, 0, 0, 'images/badges/sou troue.jpg', 'test'),
(493, 'sphinx.jpg', 1, 0, 0, 0, 0, 0, 0, 0, 'images/badges/sphinx.jpg', 'test'),
(494, 'squelette.jpg', 1, 0, 0, 0, 0, 0, 0, 0, 'images/badges/squelette.jpg', 'test'),
(495, 'tambour.jpg', 1, 0, 0, 0, 0, 0, 0, 0, 'images/badges/tambour.jpg', 'test'),
(496, 'taste vin.jpg', 1, 0, 0, 0, 0, 0, 0, 0, 'images/badges/taste vin.jpg', 'test'),
(497, 'telephone.jpg', 1, 0, 0, 0, 0, 0, 0, 0, 'images/badges/telephone.jpg', 'test'),
(498, 'tete d''indien.jpg', 1, 0, 0, 0, 0, 0, 0, 0, 'images/badges/tete d''indien.jpg', 'test'),
(499, 'tete de cheval.jpg', 1, 0, 0, 0, 0, 0, 0, 0, 'images/badges/tete de cheval.jpg', 'test'),
(500, 'tete de loup vue de face.jpg', 1, 0, 0, 0, 0, 0, 0, 0, 'images/badges/tete de loup vue de face.jpg', 'test'),
(501, 'tete de loup vue de profil.jpg', 1, 0, 0, 0, 0, 0, 0, 0, 'images/badges/tete de loup vue de profil.jpg', 'test'),
(502, 'tete de mort sur femurs.jpg', 1, 0, 0, 0, 0, 0, 0, 0, 'images/badges/tete de mort sur femurs.jpg', 'test'),
(503, 'tete de mort.jpg', 1, 0, 0, 0, 0, 0, 0, 0, 'images/badges/tete de mort.jpg', 'test'),
(504, 'tete de vache.jpg', 1, 0, 0, 0, 0, 0, 0, 0, 'images/badges/tete de vache.jpg', 'test'),
(505, 'tomate.jpg', 1, 0, 0, 0, 0, 0, 0, 0, 'images/badges/tomate.jpg', 'test'),
(506, 'tore.jpg', 1, 0, 0, 0, 0, 0, 0, 0, 'images/badges/tore.jpg', 'test'),
(507, 'tortue or.jpg', 1, 0, 0, 0, 0, 0, 0, 0, 'images/badges/tortue or.jpg', 'test'),
(508, 'trefle a 4 feuilles.jpg', 1, 0, 0, 0, 0, 0, 0, 0, 'images/badges/trefle a 4 feuilles.jpg', 'test'),
(509, 'tresorier.jpg', 1, 0, 0, 0, 0, 0, 0, 0, 'images/badges/tresorier.jpg', 'test'),
(510, 'valise.jpg', 1, 0, 0, 0, 0, 0, 0, 0, 'images/badges/valise.jpg', 'test'),
(511, 'vice president.jpg', 1, 0, 0, 0, 0, 0, 0, 0, 'images/badges/vice president.jpg', 'test'),
(512, 'voilier.jpg', 1, 0, 0, 0, 0, 0, 0, 0, 'images/badges/voilier.jpg', 'test'),
(513, 'volant.jpg', 1, 0, 0, 0, 0, 0, 0, 0, 'images/badges/volant.jpg', 'test'),
(514, 'zodiaque balance.jpg', 1, 0, 0, 0, 0, 0, 0, 0, 'images/badges/zodiaque balance.jpg', 'test'),
(515, 'zodiaque belier.jpg', 1, 0, 0, 0, 0, 0, 0, 0, 'images/badges/zodiaque belier.jpg', 'test'),
(516, 'zodiaque capricorne.jpg', 1, 0, 0, 0, 0, 0, 0, 0, 'images/badges/zodiaque capricorne.jpg', 'test'),
(517, 'zodiaque gemeaux.jpg', 1, 0, 0, 0, 0, 0, 0, 0, 'images/badges/zodiaque gemeaux.jpg', 'test'),
(518, 'zodiaque lion.jpg', 1, 0, 0, 0, 0, 0, 0, 0, 'images/badges/zodiaque lion.jpg', 'test'),
(519, 'zodiaque poisson.jpg', 1, 0, 0, 0, 0, 0, 0, 0, 'images/badges/zodiaque poisson.jpg', 'test'),
(520, 'zodiaque sagittaire.jpg', 1, 0, 0, 0, 0, 0, 0, 0, 'images/badges/zodiaque sagittaire.jpg', 'test'),
(521, 'zodiaque scorpion.jpg', 1, 0, 0, 0, 0, 0, 0, 0, 'images/badges/zodiaque scorpion.jpg', 'test'),
(522, 'zodiaque taureau.jpg', 1, 0, 0, 0, 0, 0, 0, 0, 'images/badges/zodiaque taureau.jpg', 'test'),
(523, 'zodiaque vierge.jpg', 1, 0, 0, 0, 0, 0, 0, 0, 'images/badges/zodiaque vierge.jpg', 'test');

-- --------------------------------------------------------

--
-- Table structure for table `player`
--

DROP TABLE IF EXISTS `player`;
CREATE TABLE IF NOT EXISTS `player` (
  `id` int(11) NOT NULL AUTO_INCREMENT,
  `nom` varchar(128) NOT NULL,
  `pass` varchar(128) NOT NULL,
  `lieu` varchar(128) NOT NULL,
  `points` int(11) NOT NULL,
  `notoriete` int(11) NOT NULL,
  `alcoolemie` int(11) NOT NULL,
  `alcoolemie_optimum` int(11) NOT NULL,
  `alcoolemie_max` int(11) NOT NULL,
  `fatigue` int(11) NOT NULL,
  `fatigue_max` int(11) NOT NULL,
  `sex_appeal` int(11) NOT NULL,
  `en_pls` tinyint(1) NOT NULL,
  `debut_de_pls` int(11) NOT NULL,
  `sex` int(11) NOT NULL,
  `photo` varchar(1024) DEFAULT NULL,
  `pnj` int(11) NOT NULL DEFAULT '0',
  `id_congress` int(11) DEFAULT NULL,
  `remaining_time` int(11) NOT NULL,
  PRIMARY KEY (`id`),
  KEY `id_congress` (`id_congress`)
) ENGINE=InnoDB  DEFAULT CHARSET=utf8 AUTO_INCREMENT=131 ;

--
-- Dumping data for table `player`
--

INSERT INTO `player` (`id`, `nom`, `pass`, `lieu`, `points`, `notoriete`, `alcoolemie`, `alcoolemie_optimum`, `alcoolemie_max`, `fatigue`, `fatigue_max`, `sex_appeal`, `en_pls`, `debut_de_pls`, `sex`, `photo`, `pnj`, `id_congress`, `remaining_time`) VALUES
(-2, 'bar', '', '', 0, 0, 0, 0, 10, 0, 0, 0, 0, 0, 1, 'images/tete_faluche_bleu.jpg', 2, 2, 0),
(-1, 'cuisine', '', '', 0, 0, 0, 0, 10, 0, 0, 0, 0, 0, 0, 'images/tete_faluche_rose.jpg', 2, 2, 0),
(1, 'yannick', 'yannick', 'camping', 23, 12, 7, 7, 10, 0, 10, 5, 0, 0, 1, 'upload/photo_players/1.gif', 0, 2, 20),
(61, 'rose Annecy', '', 'cuisine', 0, 9, 2, 8, 12, 7, 8, 7, 0, 0, 0, 'images/tete_faluche_grise_rose.jpg', 1, 2, 0),
(62, 'ingé Annecy', '', 'cuisine', 0, 5, 2, 5, 12, 6, 7, 7, 0, 0, 1, 'images/tete_faluche_grise_bleu.jpg', 1, 2, 0),
(63, 'droit Annecy', '', 'danse', 5, 12, 4, 7, 12, 10, 10, 8, 0, 0, 0, 'images/tete_faluche_grise_rose.jpg', 1, 2, 0),
(64, 'sciences Annecy', '', 'danse', 0, 10, 4, 7, 10, 3, 7, 5, 0, 0, 1, 'images/tete_faluche_grise_bleu.jpg', 1, 2, 0),
(65, 'sage-pouf Annecy', '', 'bar', 0, 9, 3, 6, 11, 5, 9, 6, 0, 0, 0, 'images/tete_faluche_grise_rose.jpg', 1, 2, 0),
(66, 'jaune Annecy', '', 'bar', 5, 9, 6, 6, 11, 4, 7, 9, 0, 0, 0, 'images/tete_faluche_grise_rose.jpg', 1, 2, 0),
(67, 'Pharma Annecy', '', 'bar', 0, 8, 7, 6, 10, 8, 9, 9, 0, 0, 1, 'images/tete_faluche_grise_bleu.jpg', 1, 2, 0),
(68, 'Médecine Annecy', '', 'danse', 0, 4, 5, 7, 11, 1, 7, 8, 0, 0, 1, 'images/tete_faluche_grise_bleu.jpg', 1, 2, 0),
(69, 'rose Grenoble', '', 'bar', 0, 6, 6, 5, 10, 4, 9, 6, 0, 0, 0, 'images/tete_faluche_grise_rose.jpg', 1, 2, 0),
(70, 'ingé Grenoble', '', 'bar', 0, 9, 4, 7, 9, 2, 10, 7, 0, 0, 0, 'images/tete_faluche_grise_rose.jpg', 1, 2, 0),
(71, 'droit Grenoble', '', 'bar', 0, 4, 7, 5, 9, 5, 7, 10, 0, 0, 1, 'images/tete_faluche_grise_bleu.jpg', 1, 2, 0),
(72, 'sciences Grenoble', '', 'bar', 0, 6, 6, 5, 9, 2, 7, 5, 0, 0, 0, 'images/tete_faluche_grise_rose.jpg', 1, 2, 0),
(73, 'sage-pouf Grenoble', '', 'danse', 0, 9, 4, 7, 9, 9, 9, 9, 0, 0, 1, 'images/tete_faluche_grise_bleu.jpg', 1, 2, 0),
(74, 'jaune Grenoble', '', 'bar', 0, 8, 7, 7, 12, 5, 10, 9, 0, 0, 0, 'images/tete_faluche_grise_rose.jpg', 1, 2, 0),
(75, 'Pharma Grenoble', '', 'bar', 0, 5, 6, 5, 9, 10, 10, 6, 0, 0, 0, 'images/tete_faluche_grise_rose.jpg', 1, 2, 0),
(76, 'Médecine Grenoble', '', 'bar', 0, 5, 3, 8, 10, 8, 7, 5, 0, 0, 1, 'images/tete_faluche_grise_bleu.jpg', 1, 2, 0),
(77, 'rose Lyon', '', 'danse', 0, 8, 3, 6, 12, 8, 8, 10, 0, 0, 1, 'images/tete_faluche_grise_bleu.jpg', 1, 2, 0),
(78, 'ingé Lyon', '', 'bar', 0, 7, 7, 7, 12, 2, 7, 6, 0, 0, 0, 'images/tete_faluche_grise_rose.jpg', 1, 2, 0),
(79, 'droit Lyon', '', 'bar', 0, 7, 4, 8, 9, 8, 8, 6, 0, 0, 0, 'images/tete_faluche_grise_rose.jpg', 1, 2, 0),
(80, 'sciences Lyon', '', 'danse', 0, 10, 2, 7, 9, 7, 9, 6, 0, 0, 1, 'images/tete_faluche_grise_bleu.jpg', 1, 2, 0),
(81, 'sage-pouf Lyon', '', 'danse', 0, 6, 6, 6, 9, 5, 7, 10, 0, 0, 0, 'images/tete_faluche_grise_rose.jpg', 1, 2, 0),
(82, 'jaune Lyon', '', 'danse', 0, 4, 2, 5, 12, 9, 9, 5, 0, 0, 1, 'images/tete_faluche_grise_bleu.jpg', 1, 2, 0),
(83, 'Pharma Lyon', '', 'camping', 0, 10, 3, 7, 11, 10, 9, 7, 0, 0, 0, 'images/tete_faluche_grise_rose.jpg', 1, 2, 0),
(84, 'Médecine Lyon', '', 'bar', 0, 9, 5, 7, 10, 10, 9, 6, 0, 0, 0, 'images/tete_faluche_grise_rose.jpg', 1, 2, 0),
(85, 'rose Monpeul', '', 'camping', 0, 6, 2, 7, 12, 6, 8, 10, 0, 0, 1, 'images/tete_faluche_grise_bleu.jpg', 1, 2, 0),
(86, 'ingé Monpeul', '', 'danse', 0, 10, 5, 5, 11, 5, 8, 9, 0, 0, 1, 'images/tete_faluche_grise_bleu.jpg', 1, 2, 0),
(87, 'droit Monpeul', '', 'danse', 0, 4, 7, 6, 9, 3, 9, 6, 0, 0, 0, 'images/tete_faluche_grise_rose.jpg', 1, 2, 0),
(88, 'sciences Monpeul', '', 'bar', 0, 4, 2, 7, 10, 6, 7, 7, 0, 0, 1, 'images/tete_faluche_grise_bleu.jpg', 1, 2, 0),
(89, 'sage-pouf Monpeul', '', 'camping', 0, 4, 6, 6, 10, 7, 9, 6, 0, 0, 1, 'images/tete_faluche_grise_bleu.jpg', 1, 2, 0),
(90, 'jaune Monpeul', '', 'camping', 0, 9, 2, 8, 10, 4, 9, 6, 0, 0, 1, 'images/tete_faluche_grise_bleu.jpg', 1, 2, 0),
(91, 'Pharma Monpeul', '', 'camping', 0, 8, 7, 5, 12, 8, 10, 5, 0, 0, 0, 'images/tete_faluche_grise_rose.jpg', 1, 2, 0),
(92, 'Médecine Monpeul', '', 'danse', 0, 6, 5, 7, 10, 5, 10, 9, 0, 0, 0, 'images/tete_faluche_grise_rose.jpg', 1, 2, 0),
(93, 'rose Valence', '', 'bar', 0, 4, 2, 8, 9, 6, 8, 5, 0, 0, 0, 'images/tete_faluche_grise_rose.jpg', 1, 2, 0),
(94, 'ingé Valence', '', 'camping', 0, 10, 7, 7, 11, 6, 8, 7, 0, 0, 0, 'images/tete_faluche_grise_rose.jpg', 1, 2, 0),
(95, 'droit Valence', '', 'bar', 0, 6, 2, 8, 10, 10, 8, 8, 0, 0, 1, 'images/tete_faluche_grise_bleu.jpg', 1, 2, 0),
(96, 'sciences Valence', '', 'bar', 0, 8, 4, 8, 10, 6, 8, 7, 0, 0, 0, 'images/tete_faluche_grise_rose.jpg', 1, 2, 0),
(97, 'sage-pouf Valence', '', 'danse', 0, 9, 5, 7, 9, 5, 10, 8, 0, 0, 0, 'images/tete_faluche_grise_rose.jpg', 1, 2, 0),
(98, 'jaune Valence', '', 'camping', 0, 5, 5, 6, 9, 7, 7, 6, 0, 0, 1, 'images/tete_faluche_grise_bleu.jpg', 1, 2, 0),
(99, 'Pharma Valence', '', 'bar', 0, 4, 6, 8, 10, 10, 10, 10, 0, 0, 0, 'images/tete_faluche_grise_rose.jpg', 1, 2, 0),
(100, 'Médecine Valence', '', 'bar', 0, 9, 7, 8, 10, 9, 7, 6, 0, 0, 0, 'images/tete_faluche_grise_rose.jpg', 1, 2, 0),
(101, 'rose Aix', '', 'camping', 0, 9, 2, 6, 11, 4, 7, 5, 0, 0, 0, 'images/tete_faluche_grise_rose.jpg', 1, 1, 0),
(102, 'ingé Aix', '', 'danse', 0, 4, 6, 8, 9, 5, 7, 7, 0, 0, 0, 'images/tete_faluche_grise_rose.jpg', 1, 1, 0),
(103, 'droit Aix', '', 'danse', 0, 5, 5, 7, 12, 5, 10, 10, 0, 0, 1, 'images/tete_faluche_grise_bleu.jpg', 1, 1, 0),
(104, 'sciences Aix', '', 'bar', 0, 7, 7, 8, 10, 4, 8, 10, 0, 0, 0, 'images/tete_faluche_grise_rose.jpg', 1, 1, 0),
(105, 'sage-pouf Aix', '', 'cuisine', 0, 5, 5, 8, 11, 6, 10, 10, 0, 0, 0, 'images/tete_faluche_grise_rose.jpg', 1, 1, 0),
(106, 'jaune Aix', '', 'cuisine', 0, 6, 5, 7, 9, 5, 8, 9, 0, 0, 1, 'images/tete_faluche_grise_bleu.jpg', 1, 1, 0),
(107, 'Pharma Aix', '', 'bar', 0, 9, 3, 7, 12, 5, 10, 9, 0, 0, 1, 'images/tete_faluche_grise_bleu.jpg', 1, 1, 0),
(108, 'Médecine Aix', '', 'cuisine', 0, 9, 3, 8, 11, 1, 8, 10, 0, 0, 0, 'images/tete_faluche_grise_rose.jpg', 1, 1, 0),
(109, 'rose Marseille', '', 'bar', 0, 10, 7, 6, 12, 9, 8, 10, 0, 0, 0, 'images/tete_faluche_grise_rose.jpg', 1, 1, 0),
(110, 'ingé Marseille', '', 'camping', 0, 6, 6, 7, 9, 8, 8, 5, 0, 0, 1, 'images/tete_faluche_grise_bleu.jpg', 1, 1, 0),
(111, 'droit Marseille', '', 'camping', 0, 6, 3, 7, 11, 6, 8, 6, 0, 0, 1, 'images/tete_faluche_grise_bleu.jpg', 1, 1, 0),
(112, 'sciences Marseille', '', 'danse', 0, 6, 4, 8, 9, 9, 9, 8, 0, 0, 1, 'images/tete_faluche_grise_bleu.jpg', 1, 1, 0),
(113, 'sage-pouf Marseille', '', 'danse', 0, 5, 6, 8, 12, 7, 8, 8, 0, 0, 1, 'images/tete_faluche_grise_bleu.jpg', 1, 1, 0),
(114, 'jaune Marseille', '', 'bar', 0, 10, 6, 6, 12, 7, 9, 7, 0, 0, 0, 'images/tete_faluche_grise_rose.jpg', 1, 1, 0),
(115, 'Pharma Marseille', '', 'bar', 0, 9, 3, 7, 10, 9, 7, 7, 0, 0, 1, 'images/tete_faluche_grise_bleu.jpg', 1, 1, 0),
(116, 'Médecine Marseille', '', 'cuisine', 0, 4, 3, 7, 9, 8, 7, 5, 0, 0, 1, 'images/tete_faluche_grise_bleu.jpg', 1, 1, 0),
(117, 'rose Dijon', '', 'cuisine', 0, 8, 2, 6, 11, 8, 10, 5, 0, 0, 0, 'images/tete_faluche_grise_rose.jpg', 1, 1, 0),
(118, 'ingé Dijon', '', 'bar', 0, 6, 6, 7, 10, 2, 10, 6, 0, 0, 1, 'images/tete_faluche_grise_bleu.jpg', 1, 1, 0),
(119, 'droit Dijon', '', 'camping', 0, 8, 7, 7, 12, 10, 10, 5, 0, 0, 0, 'images/tete_faluche_grise_rose.jpg', 1, 1, 0),
(120, 'sciences Dijon', '', 'danse', 0, 10, 5, 5, 11, 7, 10, 7, 0, 0, 0, 'images/tete_faluche_grise_rose.jpg', 1, 1, 0),
(121, 'sage-pouf Dijon', '', 'cuisine', 0, 6, 6, 5, 11, 6, 10, 9, 0, 0, 1, 'images/tete_faluche_grise_bleu.jpg', 1, 1, 0),
(122, 'jaune Dijon', '', 'camping', 0, 8, 5, 6, 9, 9, 8, 10, 0, 0, 0, 'images/tete_faluche_grise_rose.jpg', 1, 1, 0),
(123, 'Pharma Dijon', '', 'bar', 0, 8, 5, 6, 11, 10, 8, 8, 0, 0, 1, 'images/tete_faluche_grise_bleu.jpg', 1, 1, 0),
(124, 'Médecine Dijon', '', 'bar', 0, 7, 7, 7, 12, 7, 9, 8, 0, 0, 0, 'images/tete_faluche_grise_rose.jpg', 1, 1, 0);
SET FOREIGN_KEY_CHECKS=1;

/*!40101 SET CHARACTER_SET_CLIENT=@OLD_CHARACTER_SET_CLIENT */;
/*!40101 SET CHARACTER_SET_RESULTS=@OLD_CHARACTER_SET_RESULTS */;
/*!40101 SET COLLATION_CONNECTION=@OLD_COLLATION_CONNECTION */;
